customer_id,first_name,last_name,phone,email,city,state
1,Debra,Burks,,debra.burks@yahoo.com,Orchard Park,NY
4,Daryl,Spence,,daryl.spence@aol.com,Uniondale,NY
6,Lyndsey,Bean,,lyndsey.bean@hotmail.com,Fairport,NY
7,Latasha,Hays,(716) 986-3359,latasha.hays@hotmail.com,Buffalo,NY
8,Jacquline,Duncan,,jacquline.duncan@yahoo.com,Jackson Heights,NY
9,Genoveva,Baldwin,,genoveva.baldwin@msn.com,Port Washington,NY
10,Pamelia,Newman,,pamelia.newman@gmail.com,Monroe,NY
11,Deshawn,Mendoza,,deshawn.mendoza@yahoo.com,Monsey,NY
12,Robby,Sykes,(516) 583-7761,robby.sykes@hotmail.com,Hempstead,NY
15,Linnie,Branch,,linnie.branch@gmail.com,Plattsburgh,NY
16,Emmitt,Sanchez,(212) 945-8823,emmitt.sanchez@hotmail.com,New York,NY
17,Caren,Stephens,,caren.stephens@msn.com,Scarsdale,NY
18,Georgetta,Hardin,,georgetta.hardin@aol.com,Canandaigua,NY
19,Lizzette,Stein,,lizzette.stein@yahoo.com,Orchard Park,NY
22,Adelle,Larsen,,adelle.larsen@gmail.com,East Northport,NY
23,Kaylee,English,,kaylee.english@msn.com,Hollis,NY
25,Regenia,Vaughan,,regenia.vaughan@gmail.com,Mahopac,NY
26,Theo,Reese,(562) 215-2907,theo.reese@gmail.com,Long Beach,NY
27,Santos,Valencia,,santos.valencia@yahoo.com,Sunnyside,NY
28,Jeanice,Frost,,jeanice.frost@hotmail.com,Ossining,NY
29,Syreeta,Hendricks,,syreeta.hendricks@msn.com,Mahopac,NY
34,Brittney,Woodward,,brittney.woodward@aol.com,East Northport,NY
35,Guillermina,Noble,,guillermina.noble@msn.com,Baldwinsville,NY
36,Bernita,Mcdaniel,,bernita.mcdaniel@hotmail.com,Liverpool,NY
37,Melia,Brady,,melia.brady@gmail.com,Maspeth,NY
38,Zelma,Browning,,zelma.browning@aol.com,Astoria,NY
39,Janetta,Aguirre,(717) 670-2634,janetta.aguirre@aol.com,Lancaster,NY
41,Kathie,Freeman,,kathie.freeman@msn.com,Queensbury,NY
42,Tangela,Quinn,,tangela.quinn@aol.com,Richmond Hill,NY
44,Onita,Johns,,onita.johns@msn.com,Elmont,NY
45,Bennett,Armstrong,,bennett.armstrong@aol.com,Bethpage,NY
48,Cesar,Jackson,,cesar.jackson@gmail.com,Liverpool,NY
49,Caroll,Hays,,caroll.hays@yahoo.com,Fairport,NY
51,Gertrud,Rhodes,,gertrud.rhodes@aol.com,Merrick,NY
52,Tu,Ramirez,,tu.ramirez@hotmail.com,East Elmhurst,NY
54,Fran,Yang,,fran.yang@hotmail.com,Utica,NY
55,Diana,Guerra,,diana.guerra@hotmail.com,Merrick,NY
57,Pamala,Henry,,pamala.henry@aol.com,Bronx,NY
58,Damien,Dorsey,,damien.dorsey@yahoo.com,Central Islip,NY
59,Latasha,Stanley,,latasha.stanley@gmail.com,Rockville Centre,NY
62,Alica,Hunter,,alica.hunter@hotmail.com,East Elmhurst,NY
63,Tenisha,Lyons,,tenisha.lyons@aol.com,Amityville,NY
65,Kanesha,Vega,,kanesha.vega@gmail.com,Rome,NY
70,Tomasa,Carson,,tomasa.carson@aol.com,East Elmhurst,NY
71,Takako,Casey,,takako.casey@aol.com,Bronx,NY
73,Melanie,Hayes,,melanie.hayes@msn.com,Liverpool,NY
74,Georgeann,Waller,,georgeann.waller@yahoo.com,North Tonawanda,NY
75,Abby,Gamble,,abby.gamble@aol.com,Amityville,NY
76,Parker,Prince,,parker.prince@hotmail.com,Port Jefferson Station,NY
79,Ashanti,Parks,,ashanti.parks@hotmail.com,Baldwin,NY
80,Sarai,Mckee,(716) 912-8110,sarai.mckee@msn.com,Buffalo,NY
83,Tiesha,Daniel,,tiesha.daniel@yahoo.com,Scarsdale,NY
84,Armand,Whitehead,,armand.whitehead@hotmail.com,Lindenhurst,NY
85,Teofila,Fischer,,teofila.fischer@aol.com,Huntington Station,NY
86,Lissa,Vargas,,lissa.vargas@yahoo.com,Oswego,NY
88,Titus,Bullock,,titus.bullock@gmail.com,Hollis,NY
90,Marjorie,Logan,,marjorie.logan@msn.com,Franklin Square,NY
92,Tena,Cruz,,tena.cruz@yahoo.com,Farmingdale,NY
93,Corrina,Sawyer,(248) 370-1364,corrina.sawyer@yahoo.com,Troy,NY
94,Sharyn,Hopkins,,sharyn.hopkins@hotmail.com,Baldwinsville,NY
95,Letitia,Franco,,letitia.franco@aol.com,Saratoga Springs,NY
96,Floretta,Higgins,,floretta.higgins@hotmail.com,Bayside,NY
98,Violet,Valenzuela,,violet.valenzuela@msn.com,Plattsburgh,NY
99,Carie,Kidd,,carie.kidd@yahoo.com,Monroe,NY
100,Kellie,Franco,,kellie.franco@yahoo.com,Commack,NY
101,Nichelle,Howell,,nichelle.howell@aol.com,Scarsdale,NY
102,Marisol,Goodman,,marisol.goodman@gmail.com,Canandaigua,NY
103,Sylvie,Wilkerson,,sylvie.wilkerson@yahoo.com,Syosset,NY
105,Marget,Hodge,,marget.hodge@msn.com,Woodhaven,NY
106,Raul,Melendez,,raul.melendez@hotmail.com,Elmhurst,NY
107,Cecil,Hopper,,cecil.hopper@yahoo.com,Central Islip,NY
108,Shae,Hickman,,shae.hickman@hotmail.com,Floral Park,NY
111,Shila,White,,shila.white@msn.com,Orchard Park,NY
112,Yuk,Vega,,yuk.vega@yahoo.com,West Hempstead,NY
113,Eliana,Silva,,eliana.silva@gmail.com,Farmingdale,NY
114,Thalia,Horne,,thalia.horne@yahoo.com,Amityville,NY
115,Rey,Lindsay,,rey.lindsay@gmail.com,Monroe,NY
118,Le,Wood,,le.wood@yahoo.com,Pittsford,NY
122,Shena,Carter,,shena.carter@yahoo.com,Howard Beach,NY
125,Herlinda,Stone,,herlinda.stone@msn.com,Canandaigua,NY
126,Lavina,Dejesus,,lavina.dejesus@msn.com,Newburgh,NY
127,Erlinda,Nielsen,,erlinda.nielsen@aol.com,Maspeth,NY
128,Terrance,Lynn,,terrance.lynn@yahoo.com,Plattsburgh,NY
129,Walton,Dejesus,,walton.dejesus@yahoo.com,Lockport,NY
130,Wes,Stanton,(248) 247-5074,wes.stanton@msn.com,Troy,NY
131,Tanesha,Hampton,,tanesha.hampton@hotmail.com,Syosset,NY
132,Boyd,Irwin,,boyd.irwin@hotmail.com,Hamburg,NY
133,Delbert,Wilkins,,delbert.wilkins@aol.com,Coram,NY
134,Brianna,Moss,(516) 156-8031,brianna.moss@msn.com,Hempstead,NY
137,Shonta,Mercer,,shonta.mercer@aol.com,Massapequa,NY
139,Wanita,Davenport,,wanita.davenport@aol.com,Spring Valley,NY
140,Cleopatra,Tate,,cleopatra.tate@aol.com,East Elmhurst,NY
141,Ramiro,Byers,,ramiro.byers@gmail.com,Saint Albans,NY
142,Nicholas,Vazquez,,nicholas.vazquez@hotmail.com,West Hempstead,NY
143,Janae,Doyle,,janae.doyle@gmail.com,Jackson Heights,NY
144,Hans,Price,,hans.price@hotmail.com,Port Chester,NY
145,Miquel,Neal,,miquel.neal@hotmail.com,Staten Island,NY
146,Stefany,Potter,,stefany.potter@gmail.com,Saratoga Springs,NY
147,Bernetta,Marquez,,bernetta.marquez@hotmail.com,Smithtown,NY
148,Julee,Woodard,,julee.woodard@yahoo.com,Richmond Hill,NY
149,Meredith,Bryan,,meredith.bryan@hotmail.com,Spring Valley,NY
150,Weldon,Michael,,weldon.michael@hotmail.com,Huntington,NY
152,Katherina,Odom,,katherina.odom@yahoo.com,Plainview,NY
155,Lory,Page,,lory.page@hotmail.com,Bay Shore,NY
156,Charlyn,Cantrell,,charlyn.cantrell@yahoo.com,West Islip,NY
158,Alane,Kennedy,,alane.kennedy@yahoo.com,Spring Valley,NY
161,Crystle,Gilliam,,crystle.gilliam@yahoo.com,Smithtown,NY
162,Kam,Wilder,,kam.wilder@hotmail.com,Newburgh,NY
163,Margert,Stevens,,margert.stevens@aol.com,Rome,NY
164,Tomika,Larson,,tomika.larson@yahoo.com,Woodside,NY
166,Lena,Mills,,lena.mills@yahoo.com,Woodhaven,NY
167,Loreta,Johnston,,loreta.johnston@yahoo.com,Spring Valley,NY
168,Nettie,Mcdaniel,,nettie.mcdaniel@hotmail.com,South Ozone Park,NY
171,Miriam,Baker,,miriam.baker@hotmail.com,Uniondale,NY
174,Babara,Ochoa,,babara.ochoa@aol.com,Scarsdale,NY
177,Carissa,Foreman,,carissa.foreman@msn.com,Maspeth,NY
178,Genoveva,Tyler,(212) 152-6381,genoveva.tyler@gmail.com,New York,NY
179,Deane,Sears,,deane.sears@hotmail.com,Pittsford,NY
180,Karey,Steele,,karey.steele@gmail.com,Farmingdale,NY
182,Jenniffer,Bullock,,jenniffer.bullock@msn.com,Bay Shore,NY
183,Jeniffer,Ratliff,,jeniffer.ratliff@gmail.com,Floral Park,NY
184,Klara,Stanley,,klara.stanley@aol.com,Webster,NY
186,Ken,Charles,,ken.charles@msn.com,Monsey,NY
189,Damian,Dawson,,damian.dawson@hotmail.com,Liverpool,NY
190,Toya,Pratt,(562) 218-6405,toya.pratt@yahoo.com,Long Beach,NY
193,Ayanna,Rhodes,,ayanna.rhodes@msn.com,Hicksville,NY
195,Addie,Hahn,,addie.hahn@hotmail.com,Franklin Square,NY
196,Edythe,Valencia,,edythe.valencia@yahoo.com,North Tonawanda,NY
197,Andy,O'neill,,andy.o'neill@msn.com,Rego Park,NY
199,Clelia,Workman,,clelia.workman@yahoo.com,New Windsor,NY
200,Ashely,Holmes,,ashely.holmes@aol.com,Farmingdale,NY
201,Candis,Harding,,candis.harding@gmail.com,Ballston Spa,NY
202,Marni,Bolton,(717) 670-6268,marni.bolton@msn.com,Lancaster,NY
204,Alpha,King,,alpha.king@hotmail.com,Rockville Centre,NY
205,Harris,Pittman,,harris.pittman@yahoo.com,Jamaica,NY
206,Stephaine,Riddle,,stephaine.riddle@hotmail.com,Brooklyn,NY
209,Jutta,Everett,,jutta.everett@gmail.com,Selden,NY
210,Priscilla,Wilkins,(229) 322-2269,priscilla.wilkins@aol.com,Albany,NY
211,Gilma,Dejesus,,gilma.dejesus@yahoo.com,Scarsdale,NY
212,Buford,Bridges,(248) 604-7346,buford.bridges@msn.com,Troy,NY
213,Elenore,Hensley,,elenore.hensley@hotmail.com,Hamburg,NY
214,Ross,Pugh,,ross.pugh@msn.com,North Tonawanda,NY
215,Judith,Finley,,judith.finley@hotmail.com,Whitestone,NY
216,Wai,Soto,,wai.soto@msn.com,Bethpage,NY
218,Casey,Gill,,casey.gill@gmail.com,Port Washington,NY
219,Darcie,Morgan,(442) 618-7068,darcie.morgan@aol.com,Oceanside,NY
220,Lucio,Sherman,,lucio.sherman@gmail.com,Smithtown,NY
222,Anya,Contreras,,anya.contreras@msn.com,East Northport,NY
223,Scarlet,Yates,,scarlet.yates@hotmail.com,Patchogue,NY
225,Barbera,Riggs,,barbera.riggs@aol.com,Plainview,NY
226,Kiana,Rivera,,kiana.rivera@gmail.com,Richmond Hill,NY
227,Danielle,Bond,,danielle.bond@msn.com,Patchogue,NY
228,Whitney,Estes,(631) 315-4020,whitney.estes@gmail.com,Brentwood,NY
229,Molly,Langley,,molly.langley@aol.com,Holbrook,NY
230,Chelsey,Hardin,,chelsey.hardin@hotmail.com,Deer Park,NY
234,Winfred,Harris,,winfred.harris@msn.com,East Meadow,NY
235,Jeromy,Elliott,,jeromy.elliott@gmail.com,Bay Shore,NY
236,Verona,O'neill,,verona.o'neill@hotmail.com,Selden,NY
238,Cindi,Larson,,cindi.larson@msn.com,Howard Beach,NY
241,Manie,Sanchez,,manie.sanchez@hotmail.com,Queensbury,NY
243,Natosha,Rowland,,natosha.rowland@aol.com,Ballston Spa,NY
246,Dionne,Norris,,dionne.norris@yahoo.com,Niagara Falls,NY
249,Magda,Eaton,,magda.eaton@aol.com,Ossining,NY
251,Kasie,Rodriquez,,kasie.rodriquez@aol.com,Ballston Spa,NY
252,Eleni,Gordon,,eleni.gordon@hotmail.com,Richmond Hill,NY
255,Flossie,Holder,,flossie.holder@msn.com,Massapequa Park,NY
256,Erma,Salinas,,erma.salinas@gmail.com,Merrick,NY
257,Earl,Stanley,,earl.stanley@gmail.com,Elmhurst,NY
262,Rubin,Decker,(716) 950-9835,rubin.decker@gmail.com,Buffalo,NY
263,Dortha,Jarvis,(442) 919-8256,dortha.jarvis@yahoo.com,Oceanside,NY
264,Mariela,Huffman,,mariela.huffman@gmail.com,Garden City,NY
265,Mellisa,Farley,,mellisa.farley@yahoo.com,Central Islip,NY
266,Myung,Hooper,,myung.hooper@gmail.com,Elmont,NY
268,Trinity,Riddle,,trinity.riddle@aol.com,Ballston Spa,NY
269,Barton,Crosby,,barton.crosby@msn.com,Bellmore,NY
270,Claudio,Wise,,claudio.wise@hotmail.com,Kingston,NY
272,Deja,Chaney,,deja.chaney@hotmail.com,Jamaica,NY
273,Queenie,Vance,,queenie.vance@gmail.com,Ozone Park,NY
274,Josh,Shaw,,josh.shaw@gmail.com,Hopewell Junction,NY
276,Lavette,Wright,,lavette.wright@msn.com,Ronkonkoma,NY
277,Mark,Garrett,,mark.garrett@msn.com,Monroe,NY
281,Rayna,Perry,,rayna.perry@hotmail.com,Ozone Park,NY
283,Jaimee,Day,,jaimee.day@aol.com,Poughkeepsie,NY
284,Susann,Bass,,susann.bass@msn.com,Commack,NY
285,Leola,Gould,,leola.gould@gmail.com,Astoria,NY
286,Virgil,Frost,,virgil.frost@gmail.com,Levittown,NY
290,Barry,Buckner,,barry.buckner@gmail.com,Centereach,NY
291,Boyce,Burks,,boyce.burks@gmail.com,Sunnyside,NY
292,Monty,Frost,(516) 460-5396,monty.frost@aol.com,Hempstead,NY
293,Tiny,French,,tiny.french@hotmail.com,Plainview,NY
294,Clementina,Sargent,,clementina.sargent@hotmail.com,Rome,NY
295,Danny,Kim,,danny.kim@msn.com,South Ozone Park,NY
296,Sophia,Mcmillan,,sophia.mcmillan@msn.com,Uniondale,NY
299,Jame,Riggs,,jame.riggs@hotmail.com,Bay Shore,NY
301,Annett,Garrett,,annett.garrett@yahoo.com,Scarsdale,NY
303,Rolanda,Larsen,,rolanda.larsen@yahoo.com,Woodhaven,NY
304,Jayme,Zamora,,jayme.zamora@gmail.com,Springfield Gardens,NY
306,Vikki,Erickson,,vikki.erickson@yahoo.com,Kingston,NY
308,Mazie,Fernandez,,mazie.fernandez@hotmail.com,Webster,NY
309,Anderson,Martin,,anderson.martin@hotmail.com,Canandaigua,NY
310,Gilberto,Parsons,,gilberto.parsons@gmail.com,Middle Village,NY
313,Melani,Jarvis,,melani.jarvis@hotmail.com,Maspeth,NY
315,Justina,Jenkins,,justina.jenkins@yahoo.com,Baldwin,NY
317,Christia,Wilkins,,christia.wilkins@msn.com,Woodside,NY
320,Aron,Wiggins,(442) 497-3353,aron.wiggins@aol.com,Oceanside,NY
321,Chere,Hardin,,chere.hardin@yahoo.com,Brooklyn,NY
322,Merideth,Preston,,merideth.preston@yahoo.com,Poughkeepsie,NY
323,Jeniffer,Slater,,jeniffer.slater@aol.com,Schenectady,NY
324,Laureen,Paul,,laureen.paul@yahoo.com,Bellmore,NY
325,Berna,Moore,,berna.moore@hotmail.com,Bronx,NY
327,Sharie,Alvarez,(212) 211-7621,sharie.alvarez@msn.com,New York,NY
329,Marilyn,Frank,,marilyn.frank@aol.com,Port Chester,NY
330,Sheba,Knapp,,sheba.knapp@aol.com,Woodside,NY
331,Aleta,Mack,,aleta.mack@yahoo.com,Bay Shore,NY
333,Ami,Mcmahon,,ami.mcmahon@aol.com,Sunnyside,NY
334,Somer,Jordan,,somer.jordan@msn.com,Huntington Station,NY
335,Scarlet,Reed,,scarlet.reed@hotmail.com,Bronx,NY
336,Trisha,Johnson,(717) 126-8787,trisha.johnson@msn.com,Lancaster,NY
337,Majorie,Wyatt,,majorie.wyatt@yahoo.com,South Ozone Park,NY
338,Abbey,Pugh,,abbey.pugh@gmail.com,Forest Hills,NY
339,Tamela,Harrell,,tamela.harrell@aol.com,Central Islip,NY
340,Yanira,Bradshaw,,yanira.bradshaw@gmail.com,Smithtown,NY
341,Delana,Scott,,delana.scott@yahoo.com,Mount Vernon,NY
342,Cassondra,Pruitt,,cassondra.pruitt@aol.com,Merrick,NY
343,Jesica,Fields,,jesica.fields@yahoo.com,Commack,NY
345,Mi,Gray,(229) 813-2130,mi.gray@aol.com,Albany,NY
346,Jacalyn,Barnett,,jacalyn.barnett@gmail.com,Maspeth,NY
350,Christoper,Mccall,,christoper.mccall@msn.com,Bay Shore,NY
351,Margorie,Wynn,,margorie.wynn@gmail.com,Monsey,NY
352,Josef,Greer,,josef.greer@gmail.com,Jamaica,NY
353,Tisa,Whitney,,tisa.whitney@yahoo.com,Monsey,NY
354,Tonda,Armstrong,,tonda.armstrong@aol.com,Sunnyside,NY
355,Arvilla,Weiss,,arvilla.weiss@msn.com,Bay Shore,NY
356,Vashti,Rosario,,vashti.rosario@yahoo.com,Bronx,NY
358,Kandace,Giles,,kandace.giles@msn.com,Wantagh,NY
361,Virgina,Berg,,virgina.berg@yahoo.com,Valley Stream,NY
362,Olevia,Noel,,olevia.noel@yahoo.com,Kingston,NY
363,Kaci,Gallegos,,kaci.gallegos@gmail.com,Ballston Spa,NY
364,Bev,Chang,,bev.chang@yahoo.com,Ithaca,NY
365,Rodger,Rojas,,rodger.rojas@yahoo.com,Bayside,NY
366,Lavonne,Anderson,,lavonne.anderson@aol.com,Floral Park,NY
367,Blanca,Hooper,,blanca.hooper@msn.com,Ozone Park,NY
368,Alysha,Powers,,alysha.powers@msn.com,Forest Hills,NY
369,Mary,Singleton,,mary.singleton@hotmail.com,Woodside,NY
370,Jina,Cooper,,jina.cooper@aol.com,Howard Beach,NY
371,Loni,Duncan,,loni.duncan@gmail.com,Rosedale,NY
372,Collene,Roman,,collene.roman@aol.com,Wappingers Falls,NY
373,Mariette,Trevino,,mariette.trevino@aol.com,Utica,NY
374,Candelaria,Coffey,,candelaria.coffey@aol.com,Merrick,NY
375,Yan,Trevino,,yan.trevino@gmail.com,Uniondale,NY
377,Klara,Mosley,,klara.mosley@gmail.com,Port Chester,NY
378,Rosalba,O'neal,,rosalba.o'neal@yahoo.com,Mount Vernon,NY
379,Mina,Carrillo,,mina.carrillo@aol.com,Uniondale,NY
380,Alesia,Horne,,alesia.horne@aol.com,Selden,NY
381,Kristen,Alvarez,,kristen.alvarez@aol.com,Bronx,NY
382,Collin,Webster,,collin.webster@aol.com,Howard Beach,NY
383,Ashlee,Pena,,ashlee.pena@aol.com,Whitestone,NY
384,Aimee,Merritt,,aimee.merritt@yahoo.com,Flushing,NY
387,Kaila,Walters,,kaila.walters@msn.com,Elmhurst,NY
388,Aleta,Stone,,aleta.stone@aol.com,Whitestone,NY
390,Lorrie,Pollard,,lorrie.pollard@yahoo.com,Ronkonkoma,NY
392,Cyndi,Bush,,cyndi.bush@gmail.com,Elmhurst,NY
395,Fairy,Robinson,,fairy.robinson@msn.com,Liverpool,NY
396,Laverna,Hernandez,,laverna.hernandez@hotmail.com,Niagara Falls,NY
397,Jeannie,Wilcox,,jeannie.wilcox@yahoo.com,Franklin Square,NY
398,Suellen,Mercado,,suellen.mercado@yahoo.com,Sunnyside,NY
399,Bart,Hess,,bart.hess@aol.com,Kingston,NY
400,Alfredo,Dodson,,alfredo.dodson@hotmail.com,Depew,NY
402,Kerrie,Morton,,kerrie.morton@hotmail.com,Pittsford,NY
404,Augustus,Steele,,augustus.steele@aol.com,Ballston Spa,NY
405,Greta,Page,,greta.page@hotmail.com,Commack,NY
406,Kerrie,O'neill,,kerrie.o'neill@gmail.com,Shirley,NY
408,Edra,Fitzgerald,,edra.fitzgerald@msn.com,Central Islip,NY
409,Jerome,Bolton,,jerome.bolton@msn.com,Carmel,NY
410,Conception,Slater,,conception.slater@gmail.com,Bellmore,NY
411,Octavia,Case,(212) 171-1335,octavia.case@aol.com,New York,NY
412,Dexter,Roberts,,dexter.roberts@gmail.com,Sunnyside,NY
413,Ginette,Edwards,,ginette.edwards@hotmail.com,Baldwin,NY
414,Romaine,Haley,,romaine.haley@aol.com,Ithaca,NY
416,Luke,Fuller,(516) 363-2253,luke.fuller@hotmail.com,Hempstead,NY
417,Zoraida,Patton,,zoraida.patton@aol.com,Huntington Station,NY
419,Krystin,Marshall,,krystin.marshall@hotmail.com,Poughkeepsie,NY
420,Vince,Schneider,,vince.schneider@hotmail.com,Merrick,NY
421,Iola,Rasmussen,,iola.rasmussen@yahoo.com,Monroe,NY
423,Johna,Powers,,johna.powers@hotmail.com,Deer Park,NY
424,Charleen,Hurst,,charleen.hurst@yahoo.com,Utica,NY
425,Augustina,Joyner,,augustina.joyner@aol.com,Mount Vernon,NY
428,Hipolito,Padilla,,hipolito.padilla@hotmail.com,New Rochelle,NY
429,Emmett,Casey,,emmett.casey@yahoo.com,Valley Stream,NY
430,Kandi,Mcneil,,kandi.mcneil@msn.com,Massapequa Park,NY
431,Luciano,Marsh,,luciano.marsh@aol.com,Bellmore,NY
432,Julius,Holt,,julius.holt@aol.com,East Meadow,NY
435,Izola,Hobbs,,izola.hobbs@gmail.com,Woodhaven,NY
436,Honey,Camacho,,honey.camacho@gmail.com,Bayside,NY
437,Laureen,Barry,,laureen.barry@yahoo.com,Orchard Park,NY
438,Katharine,Herrera,,katharine.herrera@hotmail.com,Queensbury,NY
439,Sunshine,Rosario,,sunshine.rosario@aol.com,Jamaica,NY
440,Yevette,Todd,,yevette.todd@aol.com,Ballston Spa,NY
441,Dorthea,Walker,,dorthea.walker@aol.com,Port Washington,NY
442,Alane,Munoz,(914) 706-7576,alane.munoz@gmail.com,Yonkers,NY
445,Earline,Ballard,,earline.ballard@hotmail.com,Mount Vernon,NY
446,Nathanael,Bradley,,nathanael.bradley@aol.com,Amsterdam,NY
448,Janella,Bright,(507) 616-2958,janella.bright@aol.com,Rochester,NY
450,Ellsworth,Michael,,ellsworth.michael@yahoo.com,Carmel,NY
452,Cassandra,Nichols,,cassandra.nichols@yahoo.com,Hicksville,NY
453,Courtney,Wyatt,,courtney.wyatt@gmail.com,Garden City,NY
454,Terese,Palmer,,terese.palmer@hotmail.com,Bay Shore,NY
455,Sherita,Cherry,,sherita.cherry@gmail.com,Liverpool,NY
456,Serina,Hensley,,serina.hensley@yahoo.com,Jamaica,NY
457,Jeni,Farley,,jeni.farley@aol.com,Richmond Hill,NY
458,Everett,Vega,,everett.vega@yahoo.com,Holbrook,NY
460,Romelia,Myers,,romelia.myers@msn.com,Garden City,NY
461,Effie,Jenkins,(631) 477-1277,effie.jenkins@msn.com,Brentwood,NY
462,Efren,Oliver,,efren.oliver@gmail.com,Nanuet,NY
463,Jerlene,Rios,,jerlene.rios@yahoo.com,Plainview,NY
464,Bess,Mcbride,,bess.mcbride@yahoo.com,Garden City,NY
465,Birdie,Kramer,(248) 725-2174,birdie.kramer@hotmail.com,Troy,NY
466,Collen,Hayes,,collen.hayes@yahoo.com,Smithtown,NY
467,Clare,Neal,,clare.neal@msn.com,Mahopac,NY
468,Jeanett,Herman,,jeanett.herman@hotmail.com,Lindenhurst,NY
469,Micki,Rutledge,,micki.rutledge@aol.com,Richmond Hill,NY
470,Loise,Walker,,loise.walker@aol.com,Shirley,NY
471,Burma,Summers,,burma.summers@yahoo.com,Freeport,NY
472,Myron,Ruiz,,myron.ruiz@gmail.com,Amityville,NY
473,Lashawna,Richardson,,lashawna.richardson@hotmail.com,Baldwin,NY
474,Lavern,Orr,,lavern.orr@hotmail.com,Webster,NY
477,Arminda,Weber,,arminda.weber@yahoo.com,Bellmore,NY
478,Emmett,Hahn,,emmett.hahn@hotmail.com,Freeport,NY
479,Gertha,Mejia,,gertha.mejia@yahoo.com,Flushing,NY
480,Garland,Weaver,,garland.weaver@gmail.com,Amsterdam,NY
483,Gayla,Sims,,gayla.sims@gmail.com,Lindenhurst,NY
485,Catherine,Miles,,catherine.miles@msn.com,East Elmhurst,NY
486,Valeri,Marshall,,valeri.marshall@hotmail.com,East Meadow,NY
489,Kirstie,Vazquez,,kirstie.vazquez@gmail.com,Saratoga Springs,NY
490,Yu,Mcdonald,,yu.mcdonald@aol.com,Ossining,NY
491,Celestine,Jacobs,,celestine.jacobs@gmail.com,Massapequa,NY
492,Justa,Thompson,,justa.thompson@aol.com,Corona,NY
493,Lise,Alvarado,,lise.alvarado@gmail.com,Hamburg,NY
494,Pearl,Fox,,pearl.fox@yahoo.com,Uniondale,NY
496,Shu,Mays,,shu.mays@gmail.com,Astoria,NY
497,Ezra,Fowler,,ezra.fowler@hotmail.com,Nanuet,NY
498,Edda,Young,,edda.young@gmail.com,North Tonawanda,NY
499,Lidia,Ashley,,lidia.ashley@hotmail.com,Baldwinsville,NY
500,Moira,Lester,,moira.lester@msn.com,Jackson Heights,NY
502,Malinda,Baxter,,malinda.baxter@yahoo.com,Whitestone,NY
503,Marlo,Jefferson,,marlo.jefferson@gmail.com,Niagara Falls,NY
504,Tiana,Henderson,,tiana.henderson@aol.com,Franklin Square,NY
505,Wilda,Petersen,,wilda.petersen@aol.com,Jamaica,NY
507,Sheree,Pena,,sheree.pena@yahoo.com,Staten Island,NY
508,Vance,Taylor,(717) 218-5607,vance.taylor@msn.com,Lancaster,NY
509,Terra,Pickett,,terra.pickett@aol.com,Amsterdam,NY
510,Faustino,Delacruz,,faustino.delacruz@msn.com,South Richmond Hill,NY
512,Hee,Greer,,hee.greer@hotmail.com,Selden,NY
513,Whitney,Cash,,whitney.cash@gmail.com,Hamburg,NY
514,Clarita,Curry,,clarita.curry@hotmail.com,Hollis,NY
515,Reita,Dickson,,reita.dickson@hotmail.com,Scarsdale,NY
516,Rosa,Kinney,,rosa.kinney@yahoo.com,Brooklyn,NY
517,Buford,Gilbert,,buford.gilbert@yahoo.com,Bellmore,NY
520,Andreas,Herman,,andreas.herman@msn.com,Mount Vernon,NY
521,Max,Charles,,max.charles@gmail.com,Glen Cove,NY
523,Joshua,Robertson,,joshua.robertson@gmail.com,Patchogue,NY
524,Larraine,Horn,,larraine.horn@msn.com,Utica,NY
525,Andreas,Mayer,,andreas.mayer@hotmail.com,New Rochelle,NY
527,Afton,Juarez,,afton.juarez@gmail.com,Coram,NY
528,Angele,Schroeder,(845) 804-6312,angele.schroeder@yahoo.com,New City,NY
531,Kimberely,Bowen,(248) 199-2582,kimberely.bowen@hotmail.com,Troy,NY
534,Alejandro,Haney,,alejandro.haney@msn.com,Wantagh,NY
535,Inge,Olsen,(562) 719-5041,inge.olsen@msn.com,Long Beach,NY
536,Christiane,Bradford,,christiane.bradford@gmail.com,Orchard Park,NY
537,Carter,Bentley,,carter.bentley@yahoo.com,Carmel,NY
539,Jamika,Acevedo,,jamika.acevedo@yahoo.com,Ozone Park,NY
542,Timothy,Byers,,timothy.byers@msn.com,Ronkonkoma,NY
544,Catarina,Mendez,,catarina.mendez@hotmail.com,West Islip,NY
545,Tajuana,Rollins,,tajuana.rollins@msn.com,Oswego,NY
546,Thad,Castro,(631) 943-1407,thad.castro@msn.com,Brentwood,NY
547,Tena,Huber,,tena.huber@gmail.com,Newburgh,NY
548,Dori,Alvarez,,dori.alvarez@msn.com,Kingston,NY
549,Elmo,Arnold,(562) 841-9339,elmo.arnold@aol.com,Long Beach,NY
550,Felicidad,Golden,,felicidad.golden@yahoo.com,Lockport,NY
556,Vernell,Goff,,vernell.goff@msn.com,Monroe,NY
557,Erlene,Cook,,erlene.cook@gmail.com,Mount Vernon,NY
558,Carroll,Kelly,,carroll.kelly@yahoo.com,Monroe,NY
559,Basilia,Thornton,(631) 592-9548,basilia.thornton@hotmail.com,Brentwood,NY
563,Rodney,Odom,,rodney.odom@yahoo.com,Richmond Hill,NY
564,Bettie,Pierce,,bettie.pierce@gmail.com,Farmingdale,NY
568,Arcelia,Vinson,,arcelia.vinson@gmail.com,West Islip,NY
570,Marissa,Summers,,marissa.summers@msn.com,Saint Albans,NY
572,Wm,Pope,,wm.pope@msn.com,Auburn,NY
573,Rubye,Mccall,(248) 764-3359,rubye.mccall@hotmail.com,Troy,NY
575,Laurence,Christian,,laurence.christian@gmail.com,Jamaica,NY
582,Soledad,Moses,,soledad.moses@yahoo.com,Jackson Heights,NY
583,Lashandra,Turner,(562) 327-9469,lashandra.turner@hotmail.com,Long Beach,NY
586,Ulysses,Gaines,,ulysses.gaines@aol.com,Monsey,NY
587,Euna,Lopez,,euna.lopez@gmail.com,Carmel,NY
588,Cherelle,Key,,cherelle.key@msn.com,Valley Stream,NY
590,Cyndi,Dyer,,cyndi.dyer@msn.com,Baldwin,NY
591,Danilo,Holmes,,danilo.holmes@gmail.com,Hicksville,NY
592,Joni,Lee,,joni.lee@gmail.com,Centereach,NY
593,Antony,Atkinson,,antony.atkinson@msn.com,Smithtown,NY
594,Deanne,Parsons,,deanne.parsons@aol.com,Lindenhurst,NY
595,Frederica,Rojas,,frederica.rojas@yahoo.com,Ithaca,NY
596,Emelda,Dickerson,,emelda.dickerson@aol.com,Hamburg,NY
597,Rudolf,Moran,,rudolf.moran@gmail.com,Maspeth,NY
598,Benito,Hendrix,,benito.hendrix@gmail.com,Depew,NY
603,Genevieve,Juarez,,genevieve.juarez@gmail.com,New Hyde Park,NY
604,Kylee,Dickson,,kylee.dickson@gmail.com,Amityville,NY
605,Renita,Henry,,renita.henry@msn.com,New Rochelle,NY
606,Sarah,Kirkland,,sarah.kirkland@aol.com,Wappingers Falls,NY
608,Taisha,Vang,,taisha.vang@yahoo.com,Shirley,NY
609,Eliana,Reese,,eliana.reese@hotmail.com,Woodhaven,NY
610,Leonore,Dorsey,,leonore.dorsey@yahoo.com,Jackson Heights,NY
611,Ashleigh,Frank,,ashleigh.frank@gmail.com,Levittown,NY
612,Gabriel,Wagner,,gabriel.wagner@msn.com,Ballston Spa,NY
613,Margene,Eaton,,margene.eaton@yahoo.com,Wantagh,NY
614,Toshia,Cardenas,,toshia.cardenas@gmail.com,Amsterdam,NY
615,Jamika,Blanchard,,jamika.blanchard@gmail.com,Fresh Meadows,NY
616,Shery,Acosta,,shery.acosta@yahoo.com,Saratoga Springs,NY
617,Jenna,Saunders,,jenna.saunders@aol.com,Yorktown Heights,NY
618,Skye,Pope,,skye.pope@yahoo.com,Richmond Hill,NY
620,Eric,Hardin,,eric.hardin@gmail.com,Jamaica,NY
622,Gabriel,Pitts,,gabriel.pitts@gmail.com,Clifton Park,NY
623,Cayla,Johnson,,cayla.johnson@msn.com,Coram,NY
624,Sharika,Colon,(562) 452-6136,sharika.colon@gmail.com,Long Beach,NY
625,Donnetta,Henson,,donnetta.henson@hotmail.com,Webster,NY
626,Leigh,Burke,,leigh.burke@hotmail.com,Schenectady,NY
628,Ehtel,Cobb,,ehtel.cobb@hotmail.com,Lockport,NY
629,Evelina,Byrd,(716) 601-7704,evelina.byrd@msn.com,Buffalo,NY
630,Zulema,Browning,,zulema.browning@gmail.com,Amsterdam,NY
631,Tressa,Weiss,,tressa.weiss@msn.com,Ossining,NY
632,Yvette,Rogers,,yvette.rogers@aol.com,Franklin Square,NY
634,Taylor,Cole,,taylor.cole@gmail.com,Carmel,NY
635,Myrtie,James,,myrtie.james@yahoo.com,Merrick,NY
636,Ashton,Lott,,ashton.lott@hotmail.com,Floral Park,NY
637,Kara,Higgins,,kara.higgins@aol.com,Ossining,NY
638,Tomeka,Higgins,,tomeka.higgins@msn.com,Poughkeepsie,NY
639,Ronald,Parsons,,ronald.parsons@msn.com,Maspeth,NY
640,Allison,Nolan,(845) 276-5729,allison.nolan@gmail.com,New City,NY
642,Yang,Roth,,yang.roth@aol.com,Webster,NY
643,Melba,Wilkinson,,melba.wilkinson@gmail.com,Floral Park,NY
644,Valentin,Mclaughlin,,valentin.mclaughlin@hotmail.com,Lindenhurst,NY
645,Lewis,Garner,(631) 871-2512,lewis.garner@gmail.com,Brentwood,NY
647,Janelle,Maldonado,,janelle.maldonado@gmail.com,Richmond Hill,NY
649,Eli,Contreras,,eli.contreras@hotmail.com,Ronkonkoma,NY
650,Rita,Bailey,,rita.bailey@hotmail.com,Ossining,NY
651,Laure,Pena,,laure.pena@yahoo.com,Wappingers Falls,NY
652,Tilda,Melton,(248) 767-4165,tilda.melton@msn.com,Troy,NY
653,Florencio,Davenport,,florencio.davenport@yahoo.com,Jamestown,NY
655,Marylyn,Browning,,marylyn.browning@msn.com,Scarsdale,NY
656,Romana,Barnes,,romana.barnes@yahoo.com,Floral Park,NY
657,Sam,Lester,,sam.lester@gmail.com,Baldwin,NY
658,Nicki,Larson,,nicki.larson@yahoo.com,Monsey,NY
659,Antonetta,Rocha,,antonetta.rocha@yahoo.com,Port Chester,NY
661,Trena,Hudson,,trena.hudson@hotmail.com,Monroe,NY
662,Loraine,Sykes,,loraine.sykes@yahoo.com,Scarsdale,NY
663,Alissa,Hood,,alissa.hood@gmail.com,New Windsor,NY
664,Augustus,Schmidt,,augustus.schmidt@msn.com,Corona,NY
666,Brittni,Green,,brittni.green@msn.com,Floral Park,NY
667,Etsuko,Garrison,,etsuko.garrison@yahoo.com,Richmond Hill,NY
670,Shawnda,Glover,,shawnda.glover@gmail.com,Liverpool,NY
672,Elma,Molina,,elma.molina@msn.com,New Rochelle,NY
674,Ira,Moore,,ira.moore@gmail.com,Saratoga Springs,NY
676,Gayle,Wilkinson,,gayle.wilkinson@yahoo.com,Lindenhurst,NY
678,Myron,Johns,,myron.johns@msn.com,Whitestone,NY
679,Tuan,Wolfe,,tuan.wolfe@aol.com,West Babylon,NY
680,Mathilda,Pennington,(845) 407-9524,mathilda.pennington@gmail.com,New City,NY
681,Reatha,Perez,,reatha.perez@aol.com,Holbrook,NY
682,Arnita,Thomas,,arnita.thomas@gmail.com,Orchard Park,NY
683,Amparo,Burks,,amparo.burks@aol.com,Merrick,NY
684,Jenny,Bell,,jenny.bell@hotmail.com,Niagara Falls,NY
685,Laverne,Craft,,laverne.craft@aol.com,Forest Hills,NY
689,Deirdre,Ryan,,deirdre.ryan@yahoo.com,Utica,NY
690,Yevette,Elliott,,yevette.elliott@aol.com,Jackson Heights,NY
692,Dorothea,Chang,,dorothea.chang@gmail.com,Astoria,NY
693,Merlin,Foreman,(516) 150-1321,merlin.foreman@msn.com,Hempstead,NY
694,Lanie,Dunn,,lanie.dunn@gmail.com,North Tonawanda,NY
695,Christoper,Gould,,christoper.gould@aol.com,Shirley,NY
698,Charleen,Joyner,,charleen.joyner@aol.com,Corona,NY
699,Zella,Fernandez,,zella.fernandez@yahoo.com,Rockville Centre,NY
702,Sharie,Whitaker,,sharie.whitaker@hotmail.com,Merrick,NY
705,Camille,Harvey,,camille.harvey@hotmail.com,Huntington,NY
706,Lolita,O'neill,,lolita.o'neill@aol.com,Massapequa Park,NY
707,Terese,Briggs,,terese.briggs@msn.com,Woodside,NY
709,Vinnie,Chan,,vinnie.chan@aol.com,Forest Hills,NY
710,Ezra,Silva,,ezra.silva@msn.com,New Windsor,NY
711,Jovita,Bishop,,jovita.bishop@aol.com,Staten Island,NY
713,Ilona,Spears,,ilona.spears@gmail.com,Port Jefferson Station,NY
714,Senaida,Thompson,,senaida.thompson@msn.com,Bronx,NY
715,Larae,Carney,,larae.carney@msn.com,Sunnyside,NY
716,Sebrina,Hart,,sebrina.hart@yahoo.com,Coram,NY
717,Kristofer,Craig,,kristofer.craig@yahoo.com,Plainview,NY
718,Luciana,Mcgee,,luciana.mcgee@msn.com,Selden,NY
719,Nicki,Fry,,nicki.fry@hotmail.com,Endicott,NY
720,Devin,Shaffer,(507) 557-2191,devin.shaffer@gmail.com,Rochester,NY
721,Erlinda,Osborne,,erlinda.osborne@yahoo.com,West Islip,NY
723,Vicki,Wiggins,,vicki.wiggins@hotmail.com,Wappingers Falls,NY
724,Lois,Steele,,lois.steele@yahoo.com,Ossining,NY
725,Carola,Mcpherson,,carola.mcpherson@hotmail.com,Rego Park,NY
726,Rochell,Cantrell,,rochell.cantrell@yahoo.com,Port Jefferson Station,NY
727,Kasha,Sullivan,,kasha.sullivan@hotmail.com,Scarsdale,NY
728,Viva,Dawson,,viva.dawson@yahoo.com,Orchard Park,NY
732,Lavona,Austin,,lavona.austin@yahoo.com,Utica,NY
733,Doreatha,Ford,,doreatha.ford@yahoo.com,Huntington,NY
734,Alina,Mcleod,,alina.mcleod@msn.com,Patchogue,NY
737,Melita,Dominguez,,melita.dominguez@msn.com,Auburn,NY
739,Bobbi,Banks,,bobbi.banks@yahoo.com,Bayside,NY
740,Gwenn,Melton,,gwenn.melton@yahoo.com,Centereach,NY
741,Laci,Castro,,laci.castro@hotmail.com,Saint Albans,NY
742,Evelina,Manning,,evelina.manning@aol.com,Mount Vernon,NY
744,Laurel,Schultz,,laurel.schultz@hotmail.com,Mount Vernon,NY
745,Carolyne,Conley,,carolyne.conley@gmail.com,Floral Park,NY
746,Eldridge,Greer,,eldridge.greer@aol.com,Central Islip,NY
748,Oliva,Blackwell,,oliva.blackwell@hotmail.com,Elmhurst,NY
750,Romaine,Salazar,,romaine.salazar@yahoo.com,Monsey,NY
753,Mandi,Gibbs,,mandi.gibbs@gmail.com,East Elmhurst,NY
754,Hue,May,,hue.may@aol.com,Valley Stream,NY
755,Tomika,Wilder,,tomika.wilder@aol.com,New Hyde Park,NY
756,Graig,Roth,,graig.roth@aol.com,West Babylon,NY
757,Lamar,Greer,,lamar.greer@gmail.com,Levittown,NY
758,Raymonde,Garcia,,raymonde.garcia@aol.com,Queensbury,NY
760,Marisa,Chambers,,marisa.chambers@msn.com,Amityville,NY
761,Rod,Hatfield,,rod.hatfield@hotmail.com,Ronkonkoma,NY
762,Quyen,Houston,,quyen.houston@gmail.com,Central Islip,NY
763,Han,Schneider,,han.schneider@gmail.com,Elmhurst,NY
764,Terrell,Mathis,,terrell.mathis@aol.com,Selden,NY
765,Spring,Hayes,,spring.hayes@hotmail.com,Ossining,NY
766,Lecia,Hancock,,lecia.hancock@hotmail.com,Schenectady,NY
769,Agatha,Melton,,agatha.melton@yahoo.com,Springfield Gardens,NY
770,Lavonda,Stephenson,,lavonda.stephenson@gmail.com,Bay Shore,NY
771,Agnes,Sims,(716) 780-9901,agnes.sims@aol.com,Buffalo,NY
772,Latricia,Lindsey,,latricia.lindsey@hotmail.com,Yorktown Heights,NY
773,Yolando,Wade,,yolando.wade@hotmail.com,Massapequa,NY
775,Kermit,Hyde,,kermit.hyde@hotmail.com,Patchogue,NY
777,Ilda,Roberson,,ilda.roberson@aol.com,Kingston,NY
779,Major,Merrill,,major.merrill@aol.com,Astoria,NY
780,Ouida,Gregory,,ouida.gregory@aol.com,Merrick,NY
781,Tajuana,Riddle,,tajuana.riddle@hotmail.com,Bayside,NY
782,Ricki,Bullock,,ricki.bullock@hotmail.com,Woodside,NY
783,Celestine,Kent,(717) 890-4260,celestine.kent@aol.com,Lancaster,NY
784,Debbra,Jacobson,,debbra.jacobson@yahoo.com,Ballston Spa,NY
785,Kandis,Mills,,kandis.mills@hotmail.com,Hamburg,NY
786,Wallace,Lane,,wallace.lane@aol.com,South Richmond Hill,NY
787,Malisa,Mitchell,,malisa.mitchell@msn.com,Mount Vernon,NY
789,Tad,Gardner,,tad.gardner@hotmail.com,Niagara Falls,NY
790,Petronila,Gallegos,,petronila.gallegos@gmail.com,Howard Beach,NY
791,Yun,Nelson,,yun.nelson@hotmail.com,Ballston Spa,NY
792,Edgar,Horn,,edgar.horn@aol.com,West Babylon,NY
793,Chantay,Maynard,,chantay.maynard@gmail.com,Elmhurst,NY
795,Mariam,Miranda,,mariam.miranda@aol.com,Franklin Square,NY
797,Cathey,Lamb,,cathey.lamb@msn.com,Bayside,NY
798,Alyse,Jacobson,,alyse.jacobson@yahoo.com,Massapequa Park,NY
799,India,Barron,,india.barron@msn.com,Huntington,NY
800,Cris,Dunn,,cris.dunn@yahoo.com,Pittsford,NY
801,Ophelia,Rodgers,,ophelia.rodgers@gmail.com,Hopewell Junction,NY
803,Bernardina,Cooper,,bernardina.cooper@msn.com,Whitestone,NY
804,Douglas,Richards,,douglas.richards@hotmail.com,Valley Stream,NY
805,Phillis,Fowler,,phillis.fowler@aol.com,Clifton Park,NY
806,Reyes,Merritt,,reyes.merritt@yahoo.com,Staten Island,NY
807,Nathalie,Knowles,,nathalie.knowles@aol.com,West Islip,NY
809,Elnora,Simpson,,elnora.simpson@yahoo.com,Bellmore,NY
811,Shanti,Johnston,,shanti.johnston@gmail.com,Staten Island,NY
812,Martha,Burgess,,martha.burgess@msn.com,Woodhaven,NY
813,Neville,Mcclain,,neville.mcclain@yahoo.com,West Hempstead,NY
814,Ghislaine,Compton,,ghislaine.compton@aol.com,Lindenhurst,NY
815,Leanna,Manning,,leanna.manning@yahoo.com,Hicksville,NY
817,Zelda,Pratt,(717) 428-4018,zelda.pratt@gmail.com,Lancaster,NY
819,Yahaira,Robertson,,yahaira.robertson@yahoo.com,Endicott,NY
820,Sandy,Mills,,sandy.mills@gmail.com,Schenectady,NY
821,Cassidy,Clark,,cassidy.clark@hotmail.com,Astoria,NY
822,Kristy,Watkins,,kristy.watkins@gmail.com,Howard Beach,NY
823,Tina,Bush,,tina.bush@aol.com,Maspeth,NY
824,Veronika,Rollins,,veronika.rollins@yahoo.com,Webster,NY
825,Kristel,Byrd,,kristel.byrd@hotmail.com,Hicksville,NY
826,Shay,Stephenson,,shay.stephenson@aol.com,Smithtown,NY
827,George,Pickett,,george.pickett@msn.com,Sunnyside,NY
828,Renato,Morton,,renato.morton@msn.com,Mount Vernon,NY
829,Marcy,Rodriguez,,marcy.rodriguez@gmail.com,Lockport,NY
831,Lory,Berg,,lory.berg@aol.com,Oswego,NY
832,Pamala,Fowler,,pamala.fowler@gmail.com,Ballston Spa,NY
833,Leone,Emerson,,leone.emerson@msn.com,Whitestone,NY
836,Corinna,Adams,,corinna.adams@msn.com,Rosedale,NY
837,Kellye,Campbell,,kellye.campbell@gmail.com,Baldwinsville,NY
838,Erna,Sloan,,erna.sloan@aol.com,Howard Beach,NY
839,Carolann,Russell,,carolann.russell@hotmail.com,Glen Cove,NY
840,Gilbert,Calhoun,,gilbert.calhoun@msn.com,East Elmhurst,NY
841,Manie,Maxwell,,manie.maxwell@gmail.com,Ronkonkoma,NY
843,Tessie,Farmer,,tessie.farmer@msn.com,Plattsburgh,NY
844,Felica,Munoz,,felica.munoz@aol.com,South Ozone Park,NY
845,Kathyrn,Bush,,kathyrn.bush@gmail.com,Bronx,NY
847,Lizette,Ellison,,lizette.ellison@hotmail.com,Port Washington,NY
848,Ernestina,Skinner,,ernestina.skinner@hotmail.com,Elmhurst,NY
849,Phyllis,Hill,,phyllis.hill@yahoo.com,Syosset,NY
851,Arlena,Buckner,,arlena.buckner@hotmail.com,New Hyde Park,NY
852,Lezlie,Thompson,,lezlie.thompson@yahoo.com,Freeport,NY
853,Brittney,Rojas,,brittney.rojas@aol.com,Kingston,NY
854,Phylis,Adkins,(212) 325-9145,phylis.adkins@msn.com,New York,NY
856,Lara,Guy,,lara.guy@aol.com,Ronkonkoma,NY
857,Inga,Koch,,inga.koch@msn.com,New Windsor,NY
858,Klara,Kim,,klara.kim@gmail.com,Rome,NY
860,Loni,Mullen,,loni.mullen@msn.com,South Ozone Park,NY
861,Olympia,Figueroa,,olympia.figueroa@hotmail.com,Hopewell Junction,NY
862,Mellie,Puckett,,mellie.puckett@yahoo.com,Fresh Meadows,NY
863,Shonta,Preston,,shonta.preston@msn.com,Utica,NY
864,Lore,Sykes,(716) 382-5169,lore.sykes@aol.com,Buffalo,NY
865,Julia,Joyner,,julia.joyner@msn.com,Astoria,NY
869,Rodrigo,Durham,,rodrigo.durham@aol.com,Richmond Hill,NY
870,Dwain,Carlson,,dwain.carlson@gmail.com,Smithtown,NY
871,Erlinda,Humphrey,,erlinda.humphrey@hotmail.com,New Windsor,NY
873,Patience,Clayton,,patience.clayton@hotmail.com,Niagara Falls,NY
874,Mila,Good,,mila.good@yahoo.com,Plattsburgh,NY
875,Tanesha,Sawyer,,tanesha.sawyer@aol.com,Rosedale,NY
876,Onita,Macdonald,,onita.macdonald@yahoo.com,Glen Cove,NY
877,Janine,Manning,,janine.manning@gmail.com,Howard Beach,NY
878,Melodie,Melton,,melodie.melton@yahoo.com,Smithtown,NY
879,Ethelyn,Ray,,ethelyn.ray@yahoo.com,Garden City,NY
880,Phebe,Turner,,phebe.turner@aol.com,Sunnyside,NY
882,Hilda,Harvey,,hilda.harvey@gmail.com,Ballston Spa,NY
884,Willian,Hardin,,willian.hardin@msn.com,Oswego,NY
886,Letisha,May,,letisha.may@yahoo.com,North Tonawanda,NY
887,Graig,Cannon,,graig.cannon@gmail.com,Syosset,NY
888,Coleen,Navarro,,coleen.navarro@aol.com,Webster,NY
890,Rosanne,George,,rosanne.george@yahoo.com,Ossining,NY
891,Ashlie,Parrish,,ashlie.parrish@hotmail.com,Monsey,NY
892,Alissa,Craft,,alissa.craft@hotmail.com,Ossining,NY
893,Letty,Cobb,,letty.cobb@msn.com,Depew,NY
894,Nathaniel,Richard,,nathaniel.richard@gmail.com,New Windsor,NY
895,Elaina,Key,,elaina.key@msn.com,Plainview,NY
896,Stefani,Gamble,(845) 724-2996,stefani.gamble@aol.com,New City,NY
897,Bettyann,Acosta,(717) 746-6658,bettyann.acosta@gmail.com,Lancaster,NY
902,Elease,Dejesus,,elease.dejesus@gmail.com,Oswego,NY
903,Maira,Long,,maira.long@msn.com,Hicksville,NY
905,Hae,Ramirez,,hae.ramirez@hotmail.com,Baldwinsville,NY
908,Delmar,Wise,,delmar.wise@yahoo.com,Lockport,NY
909,Alita,Salinas,,alita.salinas@hotmail.com,Uniondale,NY
911,Nikita,Roy,,nikita.roy@aol.com,Pittsford,NY
912,Inocencia,Key,,inocencia.key@hotmail.com,Massapequa Park,NY
914,Hortencia,O'neil,,hortencia.o'neil@hotmail.com,Rockville Centre,NY
916,Alishia,Elliott,,alishia.elliott@aol.com,Mount Vernon,NY
917,Vernia,Madden,(248) 206-3697,vernia.madden@aol.com,Troy,NY
918,Kristel,Bullock,,kristel.bullock@yahoo.com,Smithtown,NY
920,James,Robles,,james.robles@aol.com,North Tonawanda,NY
921,Evelin,Vargas,,evelin.vargas@msn.com,Webster,NY
922,Elvia,Cardenas,,elvia.cardenas@hotmail.com,Massapequa,NY
924,Lea,Irwin,,lea.irwin@gmail.com,New Windsor,NY
925,Bryce,Monroe,,bryce.monroe@aol.com,Kingston,NY
927,Guillermo,Hart,(212) 652-7198,guillermo.hart@hotmail.com,New York,NY
930,Delana,Wagner,,delana.wagner@aol.com,Clifton Park,NY
932,Yvonne,Bean,,yvonne.bean@yahoo.com,Wappingers Falls,NY
933,Lurline,Rivers,,lurline.rivers@msn.com,Howard Beach,NY
934,Ocie,Slater,,ocie.slater@msn.com,Hamburg,NY
935,Genevie,Miles,,genevie.miles@aol.com,Monroe,NY
936,Sherilyn,Wilcox,,sherilyn.wilcox@gmail.com,Ossining,NY
937,Aida,Koch,,aida.koch@gmail.com,West Hempstead,NY
938,Emory,O'connor,(507) 606-2192,emory.o'connor@gmail.com,Rochester,NY
941,Danyell,Dickerson,,danyell.dickerson@msn.com,Central Islip,NY
942,Davis,Long,(717) 653-1755,davis.long@msn.com,Lancaster,NY
943,Lynn,Mcmahon,,lynn.mcmahon@msn.com,Scarsdale,NY
944,Tonja,Henderson,,tonja.henderson@aol.com,Scarsdale,NY
945,Krissy,Ochoa,,krissy.ochoa@msn.com,Port Washington,NY
946,Angella,Bridges,,angella.bridges@yahoo.com,Pittsford,NY
948,Siobhan,Lang,,siobhan.lang@gmail.com,Levittown,NY
949,Venessa,Frost,,venessa.frost@msn.com,Scarsdale,NY
950,Verna,Solis,(507) 115-1633,verna.solis@yahoo.com,Rochester,NY
951,Steve,Bender,,steve.bender@gmail.com,Scarsdale,NY
954,Hassan,Nash,,hassan.nash@yahoo.com,Hicksville,NY
955,Delfina,Gilliam,,delfina.gilliam@hotmail.com,West Babylon,NY
956,Venus,Hewitt,,venus.hewitt@msn.com,Farmingdale,NY
960,Arline,Lawson,(516) 792-3395,arline.lawson@gmail.com,Hempstead,NY
961,Iva,Wilcox,,iva.wilcox@aol.com,Kingston,NY
963,Anisha,Lang,,anisha.lang@aol.com,Rome,NY
965,Margit,Osborn,,margit.osborn@yahoo.com,Plainview,NY
966,Novella,Patel,,novella.patel@gmail.com,Glen Cove,NY
967,Laurette,Hebert,,laurette.hebert@msn.com,Canandaigua,NY
968,Jonna,Brown,,jonna.brown@aol.com,Mahopac,NY
969,Jennell,Solis,(507) 421-7354,jennell.solis@hotmail.com,Rochester,NY
970,Ruth,Horton,,ruth.horton@gmail.com,Hollis,NY
971,Samual,Warner,(631) 151-4988,samual.warner@gmail.com,Brentwood,NY
972,Damian,Mills,(562) 924-3079,damian.mills@yahoo.com,Long Beach,NY
974,Marcell,Barrett,,marcell.barrett@gmail.com,Astoria,NY
976,Ayanna,Cherry,,ayanna.cherry@yahoo.com,Smithtown,NY
977,Barton,Cox,,barton.cox@yahoo.com,Amityville,NY
978,Diana,Reyes,,diana.reyes@msn.com,Bronx,NY
979,Ingeborg,Ellison,,ingeborg.ellison@yahoo.com,Ithaca,NY
980,Carter,Booth,,carter.booth@msn.com,Port Chester,NY
981,Christel,Cardenas,(562) 342-8083,christel.cardenas@aol.com,Long Beach,NY
984,Ivette,Warren,,ivette.warren@gmail.com,Franklin Square,NY
986,Marcel,Lindsay,,marcel.lindsay@hotmail.com,Ossining,NY
987,Louis,Powell,,louis.powell@aol.com,Staten Island,NY
988,Vanda,Holmes,,vanda.holmes@aol.com,Syosset,NY
989,Loreen,Byers,,loreen.byers@yahoo.com,South Ozone Park,NY
990,Casimira,Chapman,,casimira.chapman@yahoo.com,Monroe,NY
992,Chere,Alston,,chere.alston@gmail.com,Patchogue,NY
994,Demarcus,Reese,,demarcus.reese@gmail.com,Yorktown Heights,NY
995,Amina,Salazar,,amina.salazar@aol.com,Canandaigua,NY
996,Serafina,Clemons,,serafina.clemons@gmail.com,Shirley,NY
997,Trinidad,Mcclain,,trinidad.mcclain@msn.com,Baldwin,NY
998,Heather,Chaney,,heather.chaney@yahoo.com,Jamestown,NY
999,Latoya,Johns,,latoya.johns@hotmail.com,Ballston Spa,NY
1000,Shiloh,Reeves,,shiloh.reeves@msn.com,West Babylon,NY
1001,Lee,Roman,(631) 913-6967,lee.roman@gmail.com,Brentwood,NY
1002,Cami,Williamson,,cami.williamson@hotmail.com,Massapequa,NY
1004,Jerald,Blackwell,,jerald.blackwell@hotmail.com,East Elmhurst,NY
1005,Ruthanne,Franco,,ruthanne.franco@yahoo.com,Astoria,NY
1007,Jimmy,Russell,,jimmy.russell@hotmail.com,Howard Beach,NY
1009,Deangelo,Cooley,,deangelo.cooley@aol.com,Rosedale,NY
1010,Katia,Henry,,katia.henry@msn.com,Bethpage,NY
1012,Josephine,Dale,,josephine.dale@aol.com,Baldwinsville,NY
1013,Alma,Peck,,alma.peck@aol.com,Corona,NY
1014,Ling,Newman,,ling.newman@msn.com,South Richmond Hill,NY
1015,Nichelle,Rosario,,nichelle.rosario@hotmail.com,Garden City,NY
1016,Shenna,Benton,(212) 578-2912,shenna.benton@msn.com,New York,NY
1018,Carita,Salinas,,carita.salinas@yahoo.com,Maspeth,NY
1019,Janie,Herrera,,janie.herrera@gmail.com,Elmhurst,NY
1021,Nicolas,Carlson,,nicolas.carlson@yahoo.com,Saint Albans,NY
1022,Hye,Mercer,,hye.mercer@gmail.com,Mahopac,NY
1023,Adena,Blake,,adena.blake@hotmail.com,Ballston Spa,NY
1025,Daphine,Willis,,daphine.willis@msn.com,Farmingdale,NY
1026,Jenine,Dawson,,jenine.dawson@msn.com,Endicott,NY
1027,Shanita,Wiley,,shanita.wiley@yahoo.com,Saint Albans,NY
1028,Shanna,Bonner,,shanna.bonner@msn.com,Canandaigua,NY
1030,Saran,Moses,,saran.moses@yahoo.com,Brooklyn,NY
1031,Tonja,Bean,,tonja.bean@aol.com,Fairport,NY
1032,Vernon,Knowles,,vernon.knowles@yahoo.com,Huntington Station,NY
1033,Jeannette,Skinner,,jeannette.skinner@yahoo.com,Forest Hills,NY
1034,Rico,Salas,,rico.salas@msn.com,Centereach,NY
1036,Randee,Lester,,randee.lester@gmail.com,Centereach,NY
1037,Ashanti,Hammond,,ashanti.hammond@msn.com,Nanuet,NY
1038,Garry,Juarez,,garry.juarez@hotmail.com,Forest Hills,NY
1039,Bee,Baker,,bee.baker@aol.com,Liverpool,NY
1041,Bettye,Espinoza,,bettye.espinoza@yahoo.com,Oswego,NY
1042,Larissa,Hays,,larissa.hays@aol.com,Elmont,NY
1043,Diane,Jones,,diane.jones@gmail.com,Fresh Meadows,NY
1044,Zenia,Bruce,,zenia.bruce@aol.com,Rosedale,NY
1046,Dane,Mcdaniel,,dane.mcdaniel@hotmail.com,Canandaigua,NY
1047,Jamaal,Baker,,jamaal.baker@hotmail.com,Elmhurst,NY
1049,Marcelino,Mcbride,,marcelino.mcbride@hotmail.com,Clifton Park,NY
1050,Rozella,Fitzgerald,,rozella.fitzgerald@yahoo.com,Shirley,NY
1051,Tonisha,Fowler,,tonisha.fowler@msn.com,Huntington Station,NY
1053,Parthenia,Figueroa,,parthenia.figueroa@msn.com,Mahopac,NY
1055,Hildegarde,Christensen,,hildegarde.christensen@hotmail.com,Maspeth,NY
1056,Rebbecca,Espinoza,,rebbecca.espinoza@hotmail.com,Mount Vernon,NY
1057,Conchita,Boone,,conchita.boone@gmail.com,Mount Vernon,NY
1058,Aisha,Woods,,aisha.woods@gmail.com,Webster,NY
1059,Season,Harvey,,season.harvey@yahoo.com,East Northport,NY
1060,Tommie,Cooley,(717) 634-4113,tommie.cooley@yahoo.com,Lancaster,NY
1062,Jerri,Guthrie,,jerri.guthrie@msn.com,Carmel,NY
1067,Lillia,Gillespie,,lillia.gillespie@hotmail.com,Rego Park,NY
1069,Rodolfo,Buck,,rodolfo.buck@gmail.com,Shirley,NY
1070,Olimpia,Mays,,olimpia.mays@aol.com,Oakland Gardens,NY
1073,Leeanne,Cross,,leeanne.cross@yahoo.com,Bayside,NY
1074,Lanelle,Guerra,,lanelle.guerra@yahoo.com,Floral Park,NY
1075,Dann,Huff,,dann.huff@gmail.com,Huntington Station,NY
1077,Heather,Perry,,heather.perry@gmail.com,Sunnyside,NY
1078,Theresia,Barron,,theresia.barron@aol.com,Forest Hills,NY
1079,Cindi,Ellis,,cindi.ellis@yahoo.com,Floral Park,NY
1081,Carson,Macias,,carson.macias@gmail.com,New Rochelle,NY
1082,Divina,Madden,(562) 264-3998,divina.madden@gmail.com,Long Beach,NY
1083,Cher,Alston,,cher.alston@msn.com,Wantagh,NY
1084,Regine,Odom,,regine.odom@msn.com,Franklin Square,NY
1085,Adam,Thornton,,adam.thornton@hotmail.com,Central Islip,NY
1086,Cori,Schwartz,,cori.schwartz@msn.com,Jamaica,NY
1089,Chere,Mcfadden,,chere.mcfadden@yahoo.com,Orchard Park,NY
1090,Ira,Erickson,,ira.erickson@aol.com,Port Jefferson Station,NY
1092,Lavinia,Cotton,,lavinia.cotton@yahoo.com,East Northport,NY
1093,Alejandrina,Hodges,,alejandrina.hodges@msn.com,Deer Park,NY
1094,Keitha,Black,,keitha.black@yahoo.com,Lindenhurst,NY
1095,Corene,Swanson,,corene.swanson@aol.com,Rego Park,NY
1096,Tonda,Webb,,tonda.webb@yahoo.com,Baldwinsville,NY
1098,Treasa,Dickerson,,treasa.dickerson@hotmail.com,Rockville Centre,NY
1099,Jewell,Reyes,,jewell.reyes@hotmail.com,Jackson Heights,NY
1100,Penny,Acevedo,,penny.acevedo@yahoo.com,Ballston Spa,NY
1101,Louise,Flowers,,louise.flowers@yahoo.com,Depew,NY
1104,Khalilah,Robertson,,khalilah.robertson@aol.com,Spring Valley,NY
1106,Jerri,Henry,,jerri.henry@msn.com,Spring Valley,NY
1107,Lynda,Newman,,lynda.newman@msn.com,Saratoga Springs,NY
1109,Gussie,Harding,,gussie.harding@gmail.com,Deer Park,NY
1110,Shirely,Cantrell,,shirely.cantrell@aol.com,West Hempstead,NY
1112,Hollis,Rasmussen,,hollis.rasmussen@yahoo.com,Massapequa,NY
1113,Kendra,Harrington,,kendra.harrington@yahoo.com,Jamestown,NY
1114,Douglass,Blankenship,(229) 891-2087,douglass.blankenship@hotmail.com,Albany,NY
1115,Lina,Meadows,,lina.meadows@aol.com,Glen Cove,NY
1116,Patria,Harper,,patria.harper@msn.com,Astoria,NY
1117,Jeffrey,Hill,,jeffrey.hill@gmail.com,Rosedale,NY
1119,Tora,Dunlap,,tora.dunlap@hotmail.com,Monsey,NY
1120,Karole,Alvarez,,karole.alvarez@gmail.com,East Northport,NY
1121,Shasta,Combs,,shasta.combs@yahoo.com,Yorktown Heights,NY
1122,Cicely,Deleon,,cicely.deleon@yahoo.com,Massapequa Park,NY
1123,Raphael,O'neil,,raphael.o'neil@aol.com,Fairport,NY
1124,Hubert,Reilly,,hubert.reilly@hotmail.com,Amityville,NY
1126,Elmira,Levy,,elmira.levy@gmail.com,Spring Valley,NY
1127,Waldo,Hart,,waldo.hart@yahoo.com,Queensbury,NY
1128,Bea,Kane,,bea.kane@aol.com,Mahopac,NY
1129,Gilberto,Sanders,,gilberto.sanders@hotmail.com,Woodside,NY
1130,Benny,Bender,,benny.bender@aol.com,Elmont,NY
1131,Desmond,Rose,,desmond.rose@hotmail.com,Mount Vernon,NY
1132,Parthenia,Holman,,parthenia.holman@gmail.com,Ithaca,NY
1133,Dung,King,,dung.king@aol.com,West Islip,NY
1136,Kallie,Best,(507) 997-4112,kallie.best@aol.com,Rochester,NY
1137,Dottie,Roberts,,dottie.roberts@aol.com,Port Washington,NY
1139,Gabriella,Jones,,gabriella.jones@hotmail.com,Mount Vernon,NY
1140,Penney,Hall,,penney.hall@msn.com,Liverpool,NY
1141,Mallie,Osborn,,mallie.osborn@gmail.com,Newburgh,NY
1142,Britteny,Schroeder,,britteny.schroeder@aol.com,Pittsford,NY
1143,Sommer,Hopkins,,sommer.hopkins@gmail.com,Tonawanda,NY
1144,Jewel,Sparks,,jewel.sparks@aol.com,Oakland Gardens,NY
1145,Deandrea,Vega,(914) 818-7312,deandrea.vega@gmail.com,Yonkers,NY
1146,Charlsie,Carson,,charlsie.carson@hotmail.com,Saint Albans,NY
1148,Lenore,Valdez,,lenore.valdez@msn.com,Spring Valley,NY
1151,Herminia,Reyes,,herminia.reyes@gmail.com,Centereach,NY
1154,Barry,Albert,,barry.albert@gmail.com,Auburn,NY
1155,Verdell,Joyner,,verdell.joyner@aol.com,Far Rockaway,NY
1156,Han,Wade,,han.wade@hotmail.com,Howard Beach,NY
1157,Anton,Barton,(716) 472-3707,anton.barton@msn.com,Buffalo,NY
1158,Vito,Pickett,,vito.pickett@hotmail.com,Canandaigua,NY
1159,Charlene,Norris,,charlene.norris@msn.com,Syosset,NY
1161,Santa,Larson,,santa.larson@gmail.com,Valley Stream,NY
1162,Carmelina,Sellers,,carmelina.sellers@hotmail.com,Ithaca,NY
1164,Patrina,Tanner,,patrina.tanner@gmail.com,Scarsdale,NY
1166,Junita,Reese,,junita.reese@gmail.com,Bay Shore,NY
1167,Ryan,Carter,,ryan.carter@yahoo.com,Nanuet,NY
1168,Almeta,Benjamin,,almeta.benjamin@aol.com,Sunnyside,NY
1169,Beatris,Joyner,,beatris.joyner@gmail.com,Spring Valley,NY
1170,Mechelle,Chan,,mechelle.chan@gmail.com,Richmond Hill,NY
1171,Earlean,Pena,,earlean.pena@yahoo.com,Rome,NY
1172,Katherin,Clark,,katherin.clark@yahoo.com,Pittsford,NY
1173,Chanel,May,,chanel.may@msn.com,Garden City,NY
1174,Aaron,Knapp,(914) 402-4335,aaron.knapp@yahoo.com,Yonkers,NY
1176,Sheree,Blanchard,,sheree.blanchard@gmail.com,Queensbury,NY
1177,Charlesetta,Soto,,charlesetta.soto@yahoo.com,Poughkeepsie,NY
1179,Vernetta,Banks,,vernetta.banks@aol.com,Brooklyn,NY
1180,Myrtle,Gardner,,myrtle.gardner@aol.com,Farmingdale,NY
1181,Agustina,Lawrence,,agustina.lawrence@yahoo.com,Brooklyn,NY
1182,Trinidad,Chapman,,trinidad.chapman@aol.com,Ronkonkoma,NY
1183,Kim,Clark,,kim.clark@msn.com,Merrick,NY
1184,Annabelle,Hebert,,annabelle.hebert@aol.com,Spring Valley,NY
1185,Corine,Stuart,,corine.stuart@msn.com,Clifton Park,NY
1187,Kenyetta,Mason,,kenyetta.mason@msn.com,Flushing,NY
1188,Marcene,Curtis,(914) 361-6045,marcene.curtis@msn.com,Yonkers,NY
1189,Sheila,Goodman,,sheila.goodman@msn.com,Uniondale,NY
1190,Romeo,Steele,,romeo.steele@msn.com,Port Jefferson Station,NY
1191,Tam,Fisher,(507) 351-9375,tam.fisher@aol.com,Rochester,NY
1193,Phebe,Soto,,phebe.soto@hotmail.com,South Ozone Park,NY
1194,Leticia,Snyder,,leticia.snyder@yahoo.com,Pittsford,NY
1195,Chantell,Bridges,(716) 941-6072,chantell.bridges@yahoo.com,Buffalo,NY
1196,Ileana,Holt,,ileana.holt@msn.com,Patchogue,NY
1197,Nakisha,Clay,,nakisha.clay@gmail.com,Port Washington,NY
1198,Cheryll,Snyder,,cheryll.snyder@yahoo.com,Brooklyn,NY
1199,Consuela,Collier,,consuela.collier@msn.com,North Tonawanda,NY
1200,Aubrey,Durham,,aubrey.durham@aol.com,Port Washington,NY
1201,Nita,Guy,,nita.guy@hotmail.com,Port Chester,NY
1204,Leslie,Higgins,,leslie.higgins@hotmail.com,Saratoga Springs,NY
1205,Emmaline,Huber,,emmaline.huber@gmail.com,Mount Vernon,NY
1206,Mercy,Brown,,mercy.brown@msn.com,Hollis,NY
1207,Jenell,Crosby,(631) 544-4772,jenell.crosby@hotmail.com,Brentwood,NY
1208,Leila,Barr,,leila.barr@yahoo.com,Carmel,NY
1209,Deandrea,Cox,,deandrea.cox@msn.com,Huntington,NY
1210,Shawnna,Frank,,shawnna.frank@hotmail.com,Woodside,NY
1211,Brenton,Whitaker,,brenton.whitaker@gmail.com,Niagara Falls,NY
1212,Jaqueline,Cummings,,jaqueline.cummings@hotmail.com,Huntington Station,NY
1215,Karl,Stephens,,karl.stephens@gmail.com,Rockville Centre,NY
1217,Carlie,Terrell,(914) 517-8036,carlie.terrell@yahoo.com,Yonkers,NY
1219,Alden,Atkinson,,alden.atkinson@gmail.com,Shirley,NY
1220,Carissa,Cross,,carissa.cross@yahoo.com,Huntington Station,NY
1222,Geraldine,O'donnell,,geraldine.o'donnell@hotmail.com,Flushing,NY
1223,Bronwyn,Vargas,,bronwyn.vargas@msn.com,New Windsor,NY
1226,Qiana,Jackson,,qiana.jackson@gmail.com,East Northport,NY
1227,Magali,Dixon,(248) 279-5331,magali.dixon@msn.com,Troy,NY
1229,Carina,Lynch,,carina.lynch@gmail.com,Wappingers Falls,NY
1232,Jong,Guthrie,,jong.guthrie@hotmail.com,Bethpage,NY
1234,Joshua,Berg,,joshua.berg@hotmail.com,Ossining,NY
1235,Georgina,Gonzales,,georgina.gonzales@yahoo.com,Endicott,NY
1236,Rudolph,Velez,,rudolph.velez@yahoo.com,Mount Vernon,NY
1237,Luke,Kramer,,luke.kramer@hotmail.com,Bethpage,NY
1239,Tara,Maynard,,tara.maynard@hotmail.com,Lindenhurst,NY
1241,Nathaniel,Davidson,,nathaniel.davidson@hotmail.com,Rome,NY
1242,Chauncey,Donaldson,,chauncey.donaldson@aol.com,Franklin Square,NY
1243,Heide,Reed,,heide.reed@yahoo.com,Floral Park,NY
1244,Trang,Hardin,,trang.hardin@yahoo.com,Depew,NY
1245,Gabriela,Warren,(562) 986-2247,gabriela.warren@aol.com,Long Beach,NY
1246,Dale,Rasmussen,,dale.rasmussen@aol.com,Kingston,NY
1247,Tammie,Cherry,,tammie.cherry@hotmail.com,Massapequa,NY
1248,Bethany,Herring,,bethany.herring@yahoo.com,Port Jefferson Station,NY
1250,Neoma,Daugherty,,neoma.daugherty@gmail.com,Mount Vernon,NY
1252,Adriene,Rollins,,adriene.rollins@msn.com,Plainview,NY
1253,Susannah,Fields,,susannah.fields@hotmail.com,Far Rockaway,NY
1255,Ben,Stone,,ben.stone@gmail.com,Ithaca,NY
1256,Nubia,Anderson,,nubia.anderson@aol.com,Ronkonkoma,NY
1257,Rosamaria,Meyer,,rosamaria.meyer@yahoo.com,Webster,NY
1258,Todd,Waters,,todd.waters@yahoo.com,Bay Shore,NY
1260,Phuong,Wolf,,phuong.wolf@yahoo.com,Schenectady,NY
1263,Rufina,Chandler,,rufina.chandler@aol.com,New Hyde Park,NY
1264,Devin,Velazquez,(631) 254-8497,devin.velazquez@aol.com,Brentwood,NY
1265,Bonita,Marshall,,bonita.marshall@msn.com,Endicott,NY
1267,Earline,Gordon,,earline.gordon@gmail.com,Ronkonkoma,NY
1268,Sung,Chambers,,sung.chambers@gmail.com,Kingston,NY
1269,Gustavo,Gamble,,gustavo.gamble@msn.com,Port Washington,NY
1270,Ciera,Webb,,ciera.webb@yahoo.com,Orchard Park,NY
1273,Cheree,Hale,,cheree.hale@yahoo.com,Oswego,NY
1274,Odette,Moses,,odette.moses@gmail.com,Newburgh,NY
1277,Piedad,Irwin,,piedad.irwin@hotmail.com,Coram,NY
1278,Loan,Graham,,loan.graham@yahoo.com,Jackson Heights,NY
1279,Stan,Saunders,,stan.saunders@yahoo.com,Canandaigua,NY
1280,Jackeline,Colon,,jackeline.colon@msn.com,Wappingers Falls,NY
1281,Marlen,Dawson,,marlen.dawson@msn.com,Woodside,NY
1282,Alexis,Mack,(845) 707-6088,alexis.mack@aol.com,New City,NY
1283,Mica,Barry,,mica.barry@yahoo.com,Hopewell Junction,NY
1284,Shanice,Spears,,shanice.spears@msn.com,Brooklyn,NY
1287,Victor,Pittman,,victor.pittman@aol.com,Astoria,NY
1289,Shanelle,Anderson,,shanelle.anderson@yahoo.com,Bethpage,NY
1290,Minnie,Compton,,minnie.compton@gmail.com,South Richmond Hill,NY
1291,Shiloh,Bates,,shiloh.bates@msn.com,Monsey,NY
1293,Sally,Kinney,,sally.kinney@msn.com,Floral Park,NY
1295,Alline,Beasley,,alline.beasley@yahoo.com,North Tonawanda,NY
1296,Travis,Whitley,,travis.whitley@aol.com,Saint Albans,NY
1297,Vanessa,West,,vanessa.west@gmail.com,New Rochelle,NY
1298,Trudy,Riddle,,trudy.riddle@aol.com,Schenectady,NY
1299,Shauna,Edwards,,shauna.edwards@msn.com,Yorktown Heights,NY
1300,Clorinda,Donovan,,clorinda.donovan@msn.com,Jamestown,NY
1302,Verda,Gilbert,,verda.gilbert@gmail.com,East Northport,NY
1303,Renay,Atkins,,renay.atkins@aol.com,Woodside,NY
1304,Tama,Berg,,tama.berg@hotmail.com,Hollis,NY
1305,Dalia,Carson,(507) 186-2004,dalia.carson@aol.com,Rochester,NY
1306,America,Swanson,,america.swanson@msn.com,Webster,NY
1309,Kimberli,Cline,,kimberli.cline@yahoo.com,Centereach,NY
1310,Emanuel,Mckee,,emanuel.mckee@yahoo.com,Schenectady,NY
1311,Whitley,Cannon,,whitley.cannon@msn.com,Coram,NY
1312,Tereasa,Bird,,tereasa.bird@aol.com,Ronkonkoma,NY
1316,Conrad,Mueller,,conrad.mueller@yahoo.com,Massapequa,NY
1317,Glady,Wells,,glady.wells@gmail.com,Syosset,NY
1319,Claris,Santiago,,claris.santiago@msn.com,Newburgh,NY
1320,Obdulia,Barber,,obdulia.barber@gmail.com,Newburgh,NY
1321,Shantel,Gregory,,shantel.gregory@yahoo.com,West Islip,NY
1322,Ai,Forbes,,ai.forbes@yahoo.com,Franklin Square,NY
1323,Ebony,Cotton,,ebony.cotton@yahoo.com,West Babylon,NY
1324,Arla,Ellis,,arla.ellis@yahoo.com,Utica,NY
1325,Magdalena,Sherman,,magdalena.sherman@gmail.com,Oswego,NY
1326,Tarra,Guerrero,,tarra.guerrero@aol.com,Auburn,NY
1327,Consuela,Romero,,consuela.romero@hotmail.com,Monroe,NY
1329,Sharyn,Brewer,,sharyn.brewer@aol.com,Hollis,NY
1331,Divina,Reeves,,divina.reeves@hotmail.com,Newburgh,NY
1334,Ashleigh,Finch,,ashleigh.finch@yahoo.com,Newburgh,NY
1335,Corina,Lynch,,corina.lynch@msn.com,Rosedale,NY
1336,Joe,Melton,,joe.melton@gmail.com,New Windsor,NY
1338,Inez,Snider,,inez.snider@gmail.com,Ronkonkoma,NY
1339,Neida,King,(442) 778-1121,neida.king@aol.com,Oceanside,NY
1340,Tona,Velasquez,,tona.velasquez@msn.com,Whitestone,NY
1341,Rozanne,Reyes,,rozanne.reyes@aol.com,Garden City,NY
1342,Lekisha,Pope,,lekisha.pope@msn.com,Freeport,NY
1344,Eloisa,Tucker,,eloisa.tucker@hotmail.com,Howard Beach,NY
1345,Arie,Hunter,,arie.hunter@msn.com,Flushing,NY
1347,Kate,Barber,,kate.barber@hotmail.com,Saratoga Springs,NY
1348,Yvone,Guerrero,,yvone.guerrero@aol.com,Merrick,NY
1350,Annett,Rush,,annett.rush@hotmail.com,Rosedale,NY
1351,Carman,Hardy,,carman.hardy@yahoo.com,Jamestown,NY
1354,Alexandria,Zamora,,alexandria.zamora@yahoo.com,Schenectady,NY
1355,Thad,Gilliam,,thad.gilliam@hotmail.com,Levittown,NY
1356,Inger,Jennings,,inger.jennings@yahoo.com,Patchogue,NY
1358,Noble,Glover,,noble.glover@gmail.com,Orchard Park,NY
1359,Octavia,Donaldson,,octavia.donaldson@hotmail.com,Levittown,NY
1361,Destiny,Goodman,,destiny.goodman@msn.com,Westbury,NY
1362,Christiana,Gross,,christiana.gross@yahoo.com,Orchard Park,NY
1364,Grisel,Maynard,,grisel.maynard@msn.com,Ballston Spa,NY
1365,Shenna,Espinoza,,shenna.espinoza@gmail.com,Queensbury,NY
1368,Veronique,Fulton,,veronique.fulton@yahoo.com,Ballston Spa,NY
1369,Starr,Schneider,,starr.schneider@aol.com,Shirley,NY
1371,Pandora,Estes,,pandora.estes@aol.com,New Hyde Park,NY
1372,Renna,Williams,,renna.williams@hotmail.com,South Ozone Park,NY
1373,Lanora,Robbins,,lanora.robbins@hotmail.com,West Babylon,NY
1375,Carlena,Salinas,,carlena.salinas@gmail.com,Jamaica,NY
1376,Kimberley,Reynolds,,kimberley.reynolds@aol.com,Port Washington,NY
1377,Johana,Jacobson,(507) 407-9384,johana.jacobson@gmail.com,Rochester,NY
1379,Dorine,Thornton,,dorine.thornton@gmail.com,Sunnyside,NY
1380,Eliz,Lynch,,eliz.lynch@hotmail.com,Uniondale,NY
1385,Kenton,Hughes,,kenton.hughes@gmail.com,Canandaigua,NY
1387,Phylicia,Stout,,phylicia.stout@aol.com,Canandaigua,NY
1388,Nanette,Harris,,nanette.harris@hotmail.com,East Meadow,NY
1389,Ulrike,Chan,,ulrike.chan@aol.com,Port Chester,NY
1390,Genoveva,Lloyd,,genoveva.lloyd@aol.com,Bayside,NY
1391,Sheryl,Chase,,sheryl.chase@gmail.com,Floral Park,NY
1392,Trista,Lambert,,trista.lambert@gmail.com,Fairport,NY
1393,Vivian,Deleon,,vivian.deleon@msn.com,Jamaica,NY
1394,Genny,Fields,,genny.fields@msn.com,Amityville,NY
1395,Eliseo,Knight,,eliseo.knight@msn.com,Woodhaven,NY
1397,Dewayne,Herring,,dewayne.herring@aol.com,Webster,NY
1398,Nevada,Hood,,nevada.hood@aol.com,Hopewell Junction,NY
1399,Angelika,Perry,,angelika.perry@msn.com,Canandaigua,NY
1400,Shayla,Hart,,shayla.hart@msn.com,Woodhaven,NY
1401,Willetta,Murphy,,willetta.murphy@msn.com,East Elmhurst,NY
1402,Sandee,Alvarado,,sandee.alvarado@aol.com,Depew,NY
1403,Mila,Moody,(248) 234-5902,mila.moody@gmail.com,Troy,NY
1404,Loyce,Conway,,loyce.conway@aol.com,Central Islip,NY
1405,Thanh,Figueroa,,thanh.figueroa@yahoo.com,Mount Vernon,NY
1406,Farrah,Orr,,farrah.orr@msn.com,New Hyde Park,NY
1407,Hugh,Craft,,hugh.craft@msn.com,Centereach,NY
1408,Eleanor,Mendez,,eleanor.mendez@yahoo.com,Port Chester,NY
1409,Lamar,Bush,(716) 294-7174,lamar.bush@msn.com,Buffalo,NY
1410,Lurlene,Finch,(914) 367-7691,lurlene.finch@msn.com,Yonkers,NY
1411,Shanda,Stevenson,,shanda.stevenson@yahoo.com,Freeport,NY
1412,Adrien,Hunter,,adrien.hunter@yahoo.com,Rego Park,NY
1413,Ophelia,Decker,,ophelia.decker@yahoo.com,New Windsor,NY
1414,Sonja,Walls,,sonja.walls@aol.com,Queensbury,NY
1416,Miranda,Kennedy,,miranda.kennedy@gmail.com,Astoria,NY
1420,Kelsey,Noble,,kelsey.noble@hotmail.com,Mount Vernon,NY
1421,Edris,Barrett,,edris.barrett@hotmail.com,Plattsburgh,NY
1422,Tempie,Jacobson,,tempie.jacobson@hotmail.com,Smithtown,NY
1424,Lashunda,Cole,,lashunda.cole@hotmail.com,Monsey,NY
1425,Justina,Jenkins,,justina.jenkins@msn.com,Shirley,NY
1431,Mark,Benton,,mark.benton@aol.com,East Elmhurst,NY
1432,Zona,Cameron,,zona.cameron@aol.com,East Northport,NY
1433,Nicola,Knight,,nicola.knight@aol.com,Scarsdale,NY
1434,Elana,Miles,,elana.miles@yahoo.com,Liverpool,NY
1435,Merrie,Fowler,,merrie.fowler@aol.com,Scarsdale,NY
1436,Macie,Ayers,,macie.ayers@msn.com,Bellmore,NY
1437,Son,Warner,,son.warner@hotmail.com,Rockville Centre,NY
1439,Florrie,Little,,florrie.little@yahoo.com,New Rochelle,NY
1440,Ernest,Rollins,,ernest.rollins@yahoo.com,Oakland Gardens,NY
1441,Jamaal,Morrison,,jamaal.morrison@msn.com,Staten Island,NY
1442,Cassie,Cline,,cassie.cline@gmail.com,Brooklyn,NY
1443,Lezlie,Lamb,,lezlie.lamb@gmail.com,Central Islip,NY
1444,Ivette,Estes,,ivette.estes@gmail.com,Canandaigua,NY
